{"cameraMode":{"drawMode":0,"name":"Shaded","section":"Shading Mode"},"sceneLighting":true,"audioPlay":false,"sceneViewState":{"m_AlwaysRefresh":false,"showFog":true,"showSkybox":true,"showFlares":true,"showImageEffects":true,"showParticleSystems":true,"showVisualEffectGraphs":true,"m_FxEnabled":false},"in2DMode":false,"pivot":{"x":115.29129028320313,"y":0.21925687789916993,"z":137.32955932617188},"rotation":{"x":-0.20428481698036195,"y":-0.36413541436195376,"z":0.08218473196029663,"w":-0.9050172567367554},"size":33.273597717285159,"orthographic":false}