{"cameraMode":{"drawMode":0,"name":"Shaded","section":"Shading Mode"},"sceneLighting":true,"audioPlay":false,"sceneViewState":{"m_AlwaysRefresh":false,"showFog":true,"showSkybox":true,"showFlares":true,"showImageEffects":true,"showParticleSystems":true,"showVisualEffectGraphs":true,"m_FxEnabled":true},"in2DMode":false,"pivot":{"x":-6.556897163391113,"y":45.7232551574707,"z":0.5884642601013184},"rotation":{"x":-0.009308447130024434,"y":0.020095527172088624,"z":-0.0001594856585143134,"w":-0.9997410774230957},"size":3.9277145862579347,"orthographic":false}