{"cameraMode":{"drawMode":0,"name":"Shaded","section":"Shading Mode"},"sceneLighting":true,"audioPlay":false,"sceneViewState":{"m_AlwaysRefresh":false,"showFog":true,"showSkybox":true,"showFlares":true,"showImageEffects":true,"showParticleSystems":true,"showVisualEffectGraphs":true,"m_FxEnabled":false},"in2DMode":false,"pivot":{"x":0.7738986015319824,"y":-4.501094818115234,"z":24.943965911865236},"rotation":{"x":-0.6874215006828308,"y":-0.05369565263390541,"z":0.050952717661857608,"w":-0.7225262522697449},"size":71.20870971679688,"orthographic":false}