{"cameraMode":{"drawMode":0,"name":"Shaded","section":"Shading Mode"},"sceneLighting":true,"audioPlay":false,"sceneViewState":{"m_AlwaysRefresh":false,"showFog":true,"showSkybox":true,"showFlares":true,"showImageEffects":true,"showParticleSystems":true,"showVisualEffectGraphs":true,"m_FxEnabled":true},"in2DMode":false,"pivot":{"x":-6.050905227661133,"y":2.3930296897888185,"z":-1.9128987789154053},"rotation":{"x":-0.49200814962387087,"y":0.03316633403301239,"z":-0.018726861104369165,"w":-0.8697443604469299},"size":0.43383121490478518,"orthographic":false}