{"cameraMode":{"drawMode":0,"name":"Shaded","section":"Shading Mode"},"sceneLighting":true,"audioPlay":false,"sceneViewState":{"m_AlwaysRefresh":false,"showFog":true,"showSkybox":true,"showFlares":true,"showImageEffects":true,"showParticleSystems":true,"showVisualEffectGraphs":true,"m_FxEnabled":false},"in2DMode":false,"pivot":{"x":4.449906349182129,"y":1.1946592330932618,"z":39.015342712402347},"rotation":{"x":0.16787925362586976,"y":0.7128041982650757,"z":-0.18238875269889832,"w":0.6561014652252197},"size":3.189748764038086,"orthographic":false}