{"cameraMode":{"drawMode":0,"name":"Shaded","section":"Shading Mode"},"sceneLighting":true,"audioPlay":false,"sceneViewState":{"m_AlwaysRefresh":false,"showFog":true,"showSkybox":true,"showFlares":true,"showImageEffects":true,"showParticleSystems":true,"showVisualEffectGraphs":true,"m_FxEnabled":false},"in2DMode":false,"pivot":{"x":70.65503692626953,"y":0.014325857162475586,"z":88.00078582763672},"rotation":{"x":-0.42347851395606997,"y":-0.4175059497356415,"z":0.22946591675281526,"w":-0.7706074714660645},"size":1.0249334573745728,"orthographic":false}