{"cameraMode":{"drawMode":0,"name":"Shaded","section":"Shading Mode"},"sceneLighting":true,"audioPlay":false,"sceneViewState":{"m_AlwaysRefresh":false,"showFog":true,"showSkybox":true,"showFlares":true,"showImageEffects":true,"showParticleSystems":true,"showVisualEffectGraphs":true,"m_FxEnabled":true},"in2DMode":false,"pivot":{"x":0.08771053701639176,"y":-1.1044747829437256,"z":2.3494343757629396},"rotation":{"x":0.10033268481492996,"y":-0.002378986682742834,"z":0.0002269457036163658,"w":0.9949725866317749},"size":5.650625705718994,"orthographic":false}