{"cameraMode":{"drawMode":0,"name":"Shaded","section":"Shading Mode"},"sceneLighting":true,"audioPlay":false,"sceneViewState":{"m_AlwaysRefresh":false,"showFog":true,"showSkybox":true,"showFlares":true,"showImageEffects":true,"showParticleSystems":true,"showVisualEffectGraphs":true,"m_FxEnabled":false},"in2DMode":false,"pivot":{"x":42.26408004760742,"y":-0.7524604797363281,"z":19.889793395996095},"rotation":{"x":-0.20409217476844788,"y":-0.5917233228683472,"z":0.15792398154735566,"w":-0.7637889385223389},"size":10.395833969116211,"orthographic":false}