{"cameraMode":{"drawMode":0,"name":"Shaded","section":"Shading Mode"},"sceneLighting":true,"audioPlay":false,"sceneViewState":{"m_AlwaysRefresh":false,"showFog":true,"showSkybox":true,"showFlares":true,"showImageEffects":true,"showParticleSystems":true,"showVisualEffectGraphs":true,"m_FxEnabled":true},"in2DMode":false,"pivot":{"x":-0.008507132530212403,"y":-0.09080523252487183,"z":-0.0045397281646728519},"rotation":{"x":0.0011895031202584506,"y":0.005097520537674427,"z":0.000036120705772191286,"w":-0.999976634979248},"size":1.912598729133606,"orthographic":true}